program,age,gender,socioecoNomic_level,employed,semester,login_frequency,forum_participation,task_submisSions,late_submisSions,connection_time,resource_views,final_grade,dropout
-1.0812248348183122,0.0,-0.7612090726840087,-0.104586333452815,1.42051298581081,-1.282076341417675,-0.034689522174720794,1.4095311019611234,0.15765011235535914,0.0,-0.2300820562646789,-0.13146901192874666,1.0133239139560413,0
-1.0812248348183122,0.0,1.3136995286643376,-0.104586333452815,-0.7039710372159768,1.277028796766424,1.0702420026708666,0.40627849205132055,1.7936157519728133,0.0,-0.5969650756600445,1.0214575649767323,-0.7095306278806862,0
-1.0812248348183122,0.0,-0.7612090726840087,-1.209279480548173,-0.7039710372159768,-1.282076341417675,1.3441919675086156,2.5131089728619065,0.15765011235535914,0.0,-1.2481824350868187,1.0761727245586874,-0.020388811145994584,0
-1.0812248348183122,0.0,-0.7612090726840087,1.000106813642543,-0.7039710372159768,1.277028796766424,0.1388121222225202,0.25193193668058167,0.15765011235535914,0.0,-1.3857635673600808,-0.6199972224819158,-0.7095306278806862,0
-1.0812248348183122,0.0,-0.7612090726840087,-0.104586333452815,1.42051298581081,0.42399375070505774,-0.8839344131717425,0.47573444196815307,0.15765011235535914,0.0,-0.7998972457631062,-1.4172752621046887,-0.020388811145994584,0
-1.0812248348183122,0.0,-0.7612090726840087,-0.104586333452815,-0.7039710372159768,-0.42904129535630864,-0.49127279690430237,0.3754091809771728,0.39135948944356685,0.0,-1.2504754539580396,-0.5652820628999617,-1.0541015362480335,0
-1.0812248348183122,0.0,-0.7612090726840087,-1.209279480548173,-0.7039710372159768,1.277028796766424,2.5495718127947113,1.0468166968398869,0.39135948944356685,0.0,1.9230626638118737,4.804620027500475,2.0470366390580774,0
-1.0812248348183122,0.0,1.3136995286643376,-0.104586333452815,-0.7039710372159768,0.42399375070505774,0.1388121222225202,1.9420267179901725,0.6250688665317746,0.0,-0.22434950908662624,0.618910319480921,-0.020388811145994584,0
-1.0812248348183122,0.0,-0.7612090726840087,-0.104586333452815,-0.7039710372159768,1.277028796766424,-0.7104327687745016,0.4139958198198575,0.15765011235535914,0.0,-1.7216908319939623,-1.6165947720103815,-0.7095306278806862,0
-1.0812248348183122,0.0,-0.7612090726840087,-0.104586333452815,-0.7039710372159768,1.277028796766424,0.038363801782012256,0.19019331453228613,0.39135948944356685,0.0,-0.8170948872972638,-1.487623324424345,-1.0541015362480335,0
-1.0812248348183122,0.0,-0.7612090726840087,-0.104586333452815,-0.7039710372159768,-0.42904129535630864,0.2940504356305779,0.3908438365142467,-0.07605926473284859,0.0,-1.4751913033377013,-1.0889843046129586,-0.020388811145994584,0
-1.0812248348183122,0.0,-0.7612090726840087,-0.104586333452815,-0.7039710372159768,1.277028796766424,-0.6008527828394019,0.43714780312546836,0.6250688665317746,0.0,-1.38461705792447,-1.737749768227567,-1.0541015362480335,0
-1.0812248348183122,0.0,-0.7612090726840087,-1.209279480548173,-0.7039710372159768,-1.282076341417675,0.540605403984552,1.031382041302813,0.39135948944356685,0.0,-1.5221981901977324,-0.6395383509040431,0.3241820972213497,0
-1.0812248348183122,0.0,-0.7612090726840087,-0.104586333452815,-0.7039710372159768,-0.42904129535630864,-0.034689522174720794,0.43714780312546836,0.15765011235535914,0.0,-1.3525147937273758,-0.3346967475188652,0.668753005588694,0
-1.0812248348183122,0.0,-0.7612090726840087,-0.104586333452815,-0.7039710372159768,-1.282076341417675,1.1067686646492332,1.463552396340882,1.5599063748846056,0.0,0.14253351030873943,0.7205241872759803,1.3578948223233855,0
-1.0812248348183122,0.0,-0.7612090726840087,-0.104586333452815,-0.7039710372159768,0.42399375070505774,-0.6647744413015434,0.5297557363479117,0.39135948944356685,0.0,1.9219161543762635,-0.8310414094408851,2.0470366390580774,0
-1.0812248348183122,0.0,-0.7612090726840087,-0.104586333452815,-0.7039710372159768,-0.42904129535630864,0.4036304215656775,1.1239899745252564,0.6250688665317746,0.0,-0.9225737553734316,-0.4363106153139245,-0.020388811145994584,0
-1.0812248348183122,0.0,-0.7612090726840087,-1.209279480548173,-0.7039710372159768,1.277028796766424,0.32144543211435284,1.2088805799791629,1.09248762070819,0.0,-1.2539149822648714,-0.25262400814593317,-0.020388811145994584,0
-1.0812248348183122,0.0,-0.7612090726840087,-1.209279480548173,-0.7039710372159768,-0.42904129535630864,0.3123137666197612,1.3323578242757539,0.15765011235535914,0.0,-0.9214272459378209,-0.8701236662851387,-0.020388811145994584,0
-1.0812248348183122,0.0,-0.7612090726840087,-1.209279480548173,-0.7039710372159768,1.277028796766424,2.257358516967779,1.9343093902216355,0.6250688665317746,0.0,0.8946437000692394,2.1939252703043377,2.0470366390580774,0
-1.0812248348183122,0.0,-0.7612090726840087,-1.209279480548173,-0.7039710372159768,-0.42904129535630864,1.8829602316895218,1.9883306846013942,0.39135948944356685,0.0,0.8166810584477242,2.8192413798123948,2.0470366390580774,0
-1.0812248348183122,0.0,-0.7612090726840087,-0.104586333452815,-0.7039710372159768,1.277028796766424,-0.6556427758069517,0.344539869903025,0.39135948944356685,0.0,-1.1644872462872509,-1.2609462347276743,0.668753005588694,0
-1.0812248348183122,0.0,-0.7612090726840087,-1.209279480548173,1.42051298581081,1.277028796766424,-0.7834860927312346,0.7304062583298723,-0.07605926473284859,0.0,-1.280284699283913,-1.1476076898793386,-0.36495971951334194,0
-1.0812248348183122,0.0,-0.7612090726840087,2.104799960737901,-0.7039710372159768,1.277028796766424,-0.153401173604412,1.2474672188218476,0.15765011235535914,0.0,-0.5866464907395499,-0.08066207803121744,0.668753005588694,0
-1.0812248348183122,0.0,-0.7612090726840087,-1.209279480548173,-0.7039710372159768,0.42399375070505774,1.6638002598193227,0.4988864252737639,1.09248762070819,0.0,0.01297794408475101,1.8460931843904813,1.3578948223233855,0
-1.0812248348183122,0.0,-0.7612090726840087,-1.209279480548173,-0.7039710372159768,-1.282076341417675,-0.2812444905286948,-0.22654238496870888,1.09248762070819,0.0,-1.5795236619782582,-1.1202501100883615,0.3241820972213497,0
-1.0812248348183122,0.0,-0.7612090726840087,1.000106813642543,-0.7039710372159768,0.42399375070505774,-0.46387780042052745,1.6564855905543057,-0.07605926473284859,0.0,-0.8125088495548218,-0.26825691088363457,-0.020388811145994584,0
-1.0812248348183122,0.0,-0.7612090726840087,-0.104586333452815,1.42051298581081,-0.42904129535630864,0.08402212925497042,0.7458409138669462,0.6250688665317746,0.0,-0.8125088495548218,-0.7528768957523779,-0.020388811145994584,0
-1.0812248348183122,0.0,1.3136995286643376,2.104799960737901,-0.7039710372159768,-0.42904129535630864,-0.6099844483339936,-1.1371870616560684,-1.2446061501738872,0.0,1.9161836071982103,-1.16324059261704,0.668753005588694,0
-1.0812248348183122,0.0,-0.7612090726840087,-1.209279480548173,-0.7039710372159768,-0.42904129535630864,-0.17166450459359525,-0.6818647233123886,-1.0108967730856795,0.0,0.6607557752046939,0.1030245291367739,0.3241820972213497,0
-1.0812248348183122,0.0,-0.7612090726840087,-0.104586333452815,-0.7039710372159768,-1.282076341417675,-0.25384949404491997,-0.7436033454606842,-1.1277514616297835,0.0,0.5575699259997474,-0.014222241395986811,0.3241820972213497,0
-1.0812248348183122,0.0,1.3136995286643376,1.000106813642543,1.42051298581081,-0.42904129535630864,-0.6099844483339936,-1.1371870616560684,-1.2446061501738872,0.0,1.9161836071982103,-1.16324059261704,0.3241820972213497,0
-1.0812248348183122,0.0,1.3136995286643376,-1.209279480548173,1.42051298581081,-1.282076341417675,-0.6099844483339936,-1.1371870616560684,-1.2446061501738872,0.0,1.9161836071982103,-1.16324059261704,1.0133239139560413,0
-1.0812248348183122,0.0,-0.7612090726840087,1.000106813642543,-0.7039710372159768,-1.282076341417675,-0.07121618415308732,-0.4503448902562803,-1.0108967730856795,0.0,0.935918039751218,0.5681033855833909,0.3241820972213497,0
-1.0812248348183122,0.0,-0.7612090726840087,1.000106813642543,-0.7039710372159768,-1.282076341417675,-0.2081911665719618,-0.43491023471920637,-1.1277514616297835,0.0,0.6584627563334725,0.4156825838908024,-0.36495971951334194,0
-1.0812248348183122,0.0,-0.7612090726840087,-0.104586333452815,-0.7039710372159768,-0.42904129535630864,-0.37256114547461117,-0.9828405062853295,-1.0108967730856795,0.0,0.21361709531659165,-0.6317218995351923,-0.7095306278806862,0
-1.0812248348183122,0.0,-0.7612090726840087,-1.209279480548173,-0.7039710372159768,0.42399375070505774,-0.16253283909900362,-0.635560756701167,-1.0108967730856795,0.0,0.7776997376369662,0.22808775103838533,1.0133239139560413,0
-1.0812248348183122,0.0,-0.7612090726840087,-0.104586333452815,-0.7039710372159768,-0.42904129535630864,-0.41821947294756934,-0.5815394623214083,-1.1277514616297835,0.0,0.3511982275898537,-0.36205432730984316,-0.7095306278806862,0
-1.0812248348183122,0.0,-0.7612090726840087,2.104799960737901,-0.7039710372159768,-0.42904129535630864,-0.06208451865849569,-0.5583874790157975,-1.0108967730856795,0.0,0.9129878510390073,0.45085661505063024,0.668753005588694,0
-1.0812248348183122,0.0,-0.7612090726840087,2.104799960737901,-0.7039710372159768,-1.282076341417675,-0.41821947294756934,-0.5815394623214083,-1.1277514616297835,0.0,0.3511982275898537,-0.36205432730984316,0.3241820972213497,0
-1.0812248348183122,0.0,1.3136995286643376,-1.209279480548173,1.42051298581081,-0.42904129535630864,-0.7926177582258263,-0.8902325730628862,-1.478315527262095,0.0,-0.2679168676398258,-0.9365635029203702,-0.36495971951334194,0
-1.0812248348183122,0.0,-0.7612090726840087,-1.209279480548173,-0.7039710372159768,1.277028796766424,-0.06208451865849569,-0.635560756701167,-1.0108967730856795,0.0,0.8900576623267974,0.564195159898966,0.668753005588694,0
-1.0812248348183122,0.0,1.3136995286643376,1.000106813642543,-0.7039710372159768,1.277028796766424,-0.04382118766931242,-0.5120835124045758,-1.0108967730856795,0.0,0.9301854925731657,0.5837362883210924,0.3241820972213497,0
-1.0812248348183122,0.0,-0.7612090726840087,2.104799960737901,1.42051298581081,-0.42904129535630864,-0.5917211173448103,-1.044579128433625,-1.1277514616297835,0.0,1.9161836071982103,-1.022544467977728,1.0133239139560413,0
-1.0812248348183122,0.0,-0.7612090726840087,-0.104586333452815,1.42051298581081,1.277028796766424,-0.7743544272366429,-0.9596885229797186,-1.478315527262095,0.0,1.9368207770391996,-1.0420855963998543,0.668753005588694,0
-1.0812248348183122,0.0,-0.7612090726840087,-0.104586333452815,-0.7039710372159768,1.277028796766424,-0.16253283909900362,-0.635560756701167,-1.0108967730856795,0.0,0.7639416244096403,0.22808775103838533,-0.36495971951334194,0
-1.0812248348183122,0.0,1.3136995286643376,-1.209279480548173,-0.7039710372159768,0.42399375070505774,-0.14426950810982037,-0.5352354957101867,-1.0108967730856795,0.0,0.7754067187657456,0.2710782335670647,1.0133239139560413,0
-1.0812248348183122,0.0,-0.7612090726840087,1.000106813642543,-0.7039710372159768,1.277028796766424,-0.1260061771206371,-0.5661048067843344,-1.0108967730856795,0.0,0.7960438886067349,0.46258129210390675,-0.020388811145994584,0
-1.0812248348183122,0.0,-0.7612090726840087,2.104799960737901,-0.7039710372159768,-0.42904129535630864,-0.16253283909900362,-0.635560756701167,-1.0108967730856795,0.0,0.7662346432808617,0.22808775103838533,-0.36495971951334194,0
-1.0812248348183122,0.0,1.3136995286643376,2.104799960737901,-0.7039710372159768,-0.42904129535630864,0.04749546727660389,-0.4040409236450586,-1.0108967730856795,0.0,1.1537548325172162,0.8768532146529937,-0.020388811145994584,0
-1.0812248348183122,0.0,-0.7612090726840087,-0.104586333452815,-0.7039710372159768,-0.42904129535630864,-0.16253283909900362,-0.635560756701167,-1.0108967730856795,0.0,0.7639416244096403,0.22808775103838533,-0.020388811145994584,0
-1.0812248348183122,0.0,-0.7612090726840087,2.104799960737901,-0.7039710372159768,1.277028796766424,-0.34516614899083625,-0.8439286064516645,-1.0108967730856795,0.0,0.47731426550701084,-0.21354175130167957,-0.020388811145994584,0
-1.0812248348183122,0.0,-0.7612090726840087,-1.209279480548173,-0.7039710372159768,-1.282076341417675,-0.37256114547461117,-0.9211018841370339,-1.1277514616297835,0.0,0.3511982275898537,-0.2174499769861045,-0.020388811145994584,0
-1.0812248348183122,0.0,-0.7612090726840087,1.000106813642543,-0.7039710372159768,-0.42904129535630864,-0.034689522174720794,-0.5661048067843344,-1.0108967730856795,0.0,0.8889111528911872,0.6697172533784502,1.0133239139560413,0
-1.0812248348183122,0.0,1.3136995286643376,1.000106813642543,-0.7039710372159768,-0.42904129535630864,0.029232136287420628,-0.4194755791821325,-1.0108967730856795,0.0,1.0047086058878492,0.5720116112678167,-0.020388811145994584,0
-1.0812248348183122,0.0,1.3136995286643376,1.000106813642543,-0.7039710372159768,0.42399375070505774,-0.034689522174720794,-0.5429528234787236,-1.0108967730856795,0.0,0.9244529453951127,0.5016635489481603,0.668753005588694,0
-1.0812248348183122,0.0,-0.7612090726840087,1.000106813642543,-0.7039710372159768,-0.42904129535630864,-0.2812444905286948,-0.8825152452943492,-1.0108967730856795,0.0,0.5346397372875368,-0.11192788350662031,1.0133239139560413,0
-1.0812248348183122,0.0,-0.7612090726840087,1.000106813642543,1.42051298581081,0.42399375070505774,-0.5917211173448103,-1.044579128433625,-1.1277514616297835,0.0,1.9161836071982103,-1.022544467977728,1.0133239139560413,0
-1.0812248348183122,0.0,-0.7612090726840087,-1.209279480548173,-0.7039710372159768,1.277028796766424,-0.16253283909900362,-0.635560756701167,-1.0108967730856795,0.0,0.7639416244096403,0.22808775103838533,-0.020388811145994584,0
-1.0812248348183122,0.0,-0.7612090726840087,-0.104586333452815,1.42051298581081,1.277028796766424,-0.5460627898718522,-0.90566722859996,-1.2446061501738872,0.0,0.09896615175553986,-0.6278136738507666,0.668753005588694,0
-1.0812248348183122,0.0,-0.7612090726840087,2.104799960737901,-0.7039710372159768,0.42399375070505774,-0.034689522174720794,-0.6124087733955561,-1.0108967730856795,0.0,0.6928580394017885,0.24762887946051254,-0.020388811145994584,0
-1.0812248348183122,0.0,-0.7612090726840087,-1.209279480548173,-0.7039710372159768,-0.42904129535630864,-0.33603448349624465,-0.7281686899236103,-1.1277514616297835,0.0,0.3340005860556961,-0.3855036814163953,-0.020388811145994584,0
-1.0812248348183122,0.0,-0.7612090726840087,1.000106813642543,-0.7039710372159768,-1.282076341417675,-0.16253283909900362,-0.635560756701167,-1.0108967730856795,0.0,0.7662346432808617,0.22808775103838533,-0.020388811145994584,0
-1.0812248348183122,0.0,-0.7612090726840087,2.104799960737901,-0.7039710372159768,1.277028796766424,-0.21732283206655342,-0.7976246398404427,-1.1277514616297835,0.0,0.5862326618900103,0.21636307398510968,0.3241820972213497,0
-1.0812248348183122,0.0,-0.7612090726840087,1.000106813642543,-0.7039710372159768,1.277028796766424,-0.38169281096920277,-0.8593632619887384,-1.2446061501738872,0.0,0.30533785016543313,-0.13537723761317244,-0.020388811145994584,0
-1.0812248348183122,0.0,-0.7612090726840087,2.104799960737901,-0.7039710372159768,1.277028796766424,-0.2812444905286948,-0.8825152452943492,-1.0108967730856795,0.0,0.5346397372875368,-0.11192788350662031,1.3578948223233855,0
-1.0812248348183122,0.0,-0.7612090726840087,1.000106813642543,-0.7039710372159768,1.277028796766424,-0.4364828039367526,-0.8593632619887384,-1.1277514616297835,0.0,1.9368207770391996,-0.4636681951049024,-0.020388811145994584,0
-1.0812248348183122,0.0,-0.7612090726840087,-1.209279480548173,-0.7039710372159768,-1.282076341417675,-0.33603448349624465,-0.7976246398404427,-1.0108967730856795,0.0,0.45438407679480014,-0.40895303552294743,-0.020388811145994584,0
1.3073633623620116,0.0,-0.7612090726840087,-0.104586333452815,-0.7039710372159768,-1.282076341417675,-1.1852793744932664,1.1085553189881825,0.8587782436199823,0.0,-1.815704605714025,-1.4602657446333671,-1.7432433529827236,0
1.3073633623620116,0.0,-0.7612090726840087,1.000106813642543,-0.7039710372159768,1.277028796766424,2.303016844440737,0.24421460891204474,-0.30976864182105635,0.0,-0.9558225290061365,0.8221380550710395,-0.7095306278806862,0
1.3073633623620116,0.0,-0.7612090726840087,-0.104586333452815,-0.7039710372159768,-0.42904129535630864,-1.1761477089986747,-1.1526217171931423,-0.5434780189092641,0.0,-1.461433190110375,-0.45975996942047664,-2.0878142613500694,0
1.3073633623620116,0.0,1.3136995286643376,1.000106813642543,-0.7039710372159768,0.42399375070505774,0.2209971116738449,0.35225719767156194,0.5082141779876708,0.0,1.4014008706090886,0.5954609653743689,0.668753005588694,0
1.3073633623620116,0.0,1.3136995286643376,1.000106813642543,-0.7039710372159768,1.277028796766424,0.9058720237682173,-0.28828100711700444,-0.6603327074533679,0.0,1.0391038889561643,0.783055798226786,0.3241820972213497,0
1.3073633623620116,0.0,1.3136995286643376,1.000106813642543,1.42051298581081,-0.42904129535630864,-0.5095361278934857,1.6719202460913796,-0.7771873959974718,0.0,0.2365472840288019,0.2241795253539604,-1.0541015362480335,0
1.3073633623620116,0.0,-0.7612090726840087,-0.104586333452815,-0.7039710372159768,-0.42904129535630864,0.814555368822301,1.2243152355162368,0.040795423811255276,0.0,-1.2676730954921973,-0.8388578608097358,-1.7432433529827236,0
1.3073633623620116,0.0,-0.7612090726840087,-1.209279480548173,-0.7039710372159768,0.42399375070505774,1.061110337176275,0.9773607469230544,-0.19291395327695246,0.0,-1.059008378211083,-0.448035292367201,-1.7432433529827236,0
1.3073633623620116,0.0,-0.7612090726840087,-1.209279480548173,-0.7039710372159768,0.42399375070505774,-0.3542978144854279,-0.8825152452943492,1.209342309252294,0.0,1.1308246438050062,0.978467082448053,-0.020388811145994584,0
1.3073633623620116,0.0,-0.7612090726840087,-0.104586333452815,-0.7039710372159768,1.277028796766424,1.1067686646492332,1.59474696840601,-0.7771873959974718,0.0,-1.5187586618909008,0.5329293544235632,-2.432385169717414,0
1.3073633623620116,0.0,-0.7612090726840087,-1.209279480548173,-0.7039710372159768,-1.282076341417675,-0.2721128250341032,-0.7204513621550733,0.39135948944356685,0.0,1.2454755873660581,-0.07284562666236673,1.0133239139560413,0
1.3073633623620116,0.0,1.3136995286643376,-0.104586333452815,-0.7039710372159768,-1.282076341417675,2.43086016136502,0.2673665922176556,-0.4266233303651602,0.0,-0.3596376224886673,1.3145744913086337,1.702465730690733,0
1.3073633623620116,0.0,-0.7612090726840087,1.000106813642543,1.42051298581081,-1.282076341417675,0.6958437173926098,0.9387741080803698,-0.8940420845415756,0.0,-1.0360781894988726,0.8143216037021889,1.0133239139560413,0
1.3073633623620116,0.0,1.3136995286643376,1.000106813642543,1.42051298581081,-1.282076341417675,-0.42735113844216094,-0.5198008401731128,0.274504800899463,0.0,-0.6004046039668758,-0.3972283584696709,-1.3986724446153778,0
1.3073633623620116,0.0,1.3136995286643376,-0.104586333452815,-0.7039710372159768,0.42399375070505774,2.4125968303758367,0.6686676361815767,1.910470440516917,0.0,1.2340104930099527,0.3414262958867211,0.3241820972213497,0
1.3073633623620116,0.0,-0.7612090726840087,-1.209279480548173,-0.7039710372159768,1.277028796766424,-1.3953076808688738,1.4789870518779558,1.209342309252294,0.0,-0.19912630150319455,-0.5770067399532374,-1.0541015362480335,0
1.3073633623620116,0.0,1.3136995286643376,1.000106813642543,-0.7039710372159768,-0.42904129535630864,0.5497370694791436,0.907904797006222,1.910470440516917,0.0,-0.37110271684477225,0.5524704828456896,1.0133239139560413,0
1.3073633623620116,0.0,-0.7612090726840087,-1.209279480548173,-0.7039710372159768,-1.282076341417675,-1.020909395590617,-0.5738221345528713,0.5082141779876708,0.0,1.7327420975005283,0.13819856029660255,-0.36495971951334194,0
1.3073633623620116,0.0,-0.7612090726840087,-0.104586333452815,-0.7039710372159768,-0.42904129535630864,1.7642485802598307,1.0468166968398869,0.9756329321640862,0.0,1.2569406817221627,0.2319959767228111,-0.020388811145994584,0
1.3073633623620116,0.0,1.3136995286643376,-1.209279480548173,-0.7039710372159768,1.277028796766424,0.6593170554142432,1.6796375738599165,0.15765011235535914,0.0,-0.03861498051772221,-0.3034309420434624,-1.0541015362480335,0
1.3073633623620116,0.0,1.3136995286643376,-1.209279480548173,-0.7039710372159768,-1.282076341417675,-0.7926177582258263,-0.5738221345528713,1.6767610634287093,0.0,-0.9443574346500312,0.4938470975793096,1.3578948223233855,0
1.3073633623620116,0.0,1.3136995286643376,-0.104586333452815,-0.7039710372159768,0.42399375070505774,0.44015708354404404,1.6333336072486948,1.6767610634287093,0.0,-0.6623161134898441,-0.5691902885843866,-1.3986724446153778,0
1.3073633623620116,0.0,-0.7612090726840087,-0.104586333452815,-0.7039710372159768,1.277028796766424,-0.2903761560232865,0.630080997338892,0.7419235550758785,0.0,1.254647662850942,0.6345432222186225,0.668753005588694,0
1.3073633623620116,0.0,1.3136995286643376,-0.104586333452815,1.42051298581081,1.277028796766424,-0.5643261208610354,0.2210626256064339,-0.30976864182105635,0.0,1.0505689833122698,0.4313154866285039,-1.0541015362480335,0
1.3073633623620116,0.0,1.3136995286643376,-1.209279480548173,-0.7039710372159768,-0.42904129535630864,0.27578710464139466,1.1008379912196455,0.39135948944356685,0.0,-1.1736593217721347,0.9276601485505238,0.668753005588694,0
1.3073633623620116,0.0,-0.7612090726840087,-0.104586333452815,-0.7039710372159768,0.42399375070505774,-0.8291444202041928,-0.18795574612602417,0.274504800899463,0.0,-1.1851244161282402,0.29843581335804176,-1.7432433529827236,0
1.3073633623620116,0.0,-0.7612090726840087,-0.104586333452815,1.42051298581081,1.277028796766424,-0.02555785668012916,0.07443339800423195,1.6767610634287093,0.0,0.11043124611164519,0.2124548483006839,-1.3986724446153778,0
1.3073633623620116,0.0,1.3136995286643376,-0.104586333452815,-0.7039710372159768,1.277028796766424,0.5314737384899604,0.8538835026264634,-1.7120249043503026,0.0,-0.012245263498680254,-1.8706294414980291,-0.36495971951334194,0
1.3073633623620116,0.0,-0.7612090726840087,-0.104586333452815,1.42051298581081,-0.42904129535630864,2.065593541581354,0.20562797006936,-0.5434780189092641,0.0,0.30877737847226483,-1.327386071362905,0.668753005588694,0
1.3073633623620116,0.0,-0.7612090726840087,1.000106813642543,1.42051298581081,-1.282076341417675,1.7094585872922807,0.8461661748579264,-0.5434780189092641,0.0,-0.25071922610566816,0.6032774167432196,0.3241820972213497,0
1.3073633623620116,0.0,-0.7612090726840087,-0.104586333452815,1.42051298581081,1.277028796766424,1.1432953266275996,0.3908438365142467,-0.07605926473284859,0.0,0.01297794408475101,0.9550177283415008,-0.36495971951334194,0
1.3073633623620116,0.0,-0.7612090726840087,-1.209279480548173,1.42051298581081,-0.42904129535630864,-1.09396271954735,-1.1680563727302162,1.209342309252294,0.0,-2.0885738513893286,-0.4636681951049024,-1.0541015362480335,0
1.3073633623620116,0.0,1.3136995286643376,-0.104586333452815,-0.7039710372159768,-1.282076341417675,-0.08947951514227058,2.188981206583355,-1.7120249043503026,0.0,-1.5279307373757847,-0.5105669033180067,-1.3986724446153778,0
1.3073633623620116,0.0,-0.7612090726840087,-1.209279480548173,1.42051298581081,-1.282076341417675,-0.23558616305573668,0.2905185755232664,1.5599063748846056,0.0,-0.7219346041415909,-0.5105669033180067,1.3578948223233855,0
1.3073633623620116,0.0,1.3136995286643376,-1.209279480548173,-0.7039710372159768,-1.282076341417675,1.4629036189383067,-0.62784342893263,1.3261969977963979,0.0,-0.8021902646343272,1.1816948180381714,2.0470366390580774,0
1.3073633623620116,0.0,-0.7612090726840087,-1.209279480548173,-0.7039710372159768,-1.282076341417675,-1.6327309837282562,-0.8747979175258123,0.5082141779876708,0.0,0.201005491524876,-0.913114148813818,1.0133239139560413,0
1.3073633623620116,0.0,1.3136995286643376,-0.104586333452815,1.42051298581081,0.42399375070505774,1.6729319253139143,0.035846759161547226,1.09248762070819,0.0,-1.623091020531458,1.1347961098250672,-1.0541015362480335,0
1.3073633623620116,0.0,1.3136995286643376,1.000106813642543,-0.7039710372159768,0.42399375070505774,-0.7652227617420513,0.12073736461545362,-0.4266233303651602,0.0,-0.12689620705973204,-1.2804873631498006,-0.7095306278806862,0
1.3073633623620116,0.0,-0.7612090726840087,-1.209279480548173,1.42051298581081,-0.42904129535630864,-1.7423109696633559,1.9420267179901725,0.9756329321640862,0.0,-1.8214371528920776,0.47430596915718237,0.668753005588694,0
1.3073633623620116,0.0,-0.7612090726840087,-1.209279480548173,1.42051298581081,0.42399375070505774,1.7733802457544223,-1.1063177505819206,0.274504800899463,0.0,0.776553228201356,-1.5736042894817028,1.0133239139560413,0
1.3073633623620116,0.0,-0.7612090726840087,-1.209279480548173,1.42051298581081,-1.282076341417675,-0.9021977441609258,-0.8439286064516645,-0.4266233303651602,0.0,-0.48346064153460305,-0.4284941639450738,0.3241820972213497,0
1.3073633623620116,0.0,1.3136995286643376,-0.104586333452815,1.42051298581081,-0.42904129535630864,-0.5643261208610354,0.19019331453228613,-1.478315527262095,0.0,-1.846660360475509,1.6155078690093858,1.0133239139560413,0
1.3073633623620116,0.0,-0.7612090726840087,1.000106813642543,-0.7039710372159768,-0.42904129535630864,1.1250319956384165,-1.4072935335548613,0.6250688665317746,0.0,-1.8718835680589405,1.1347961098250672,-0.020388811145994584,0
1.3073633623620116,0.0,-0.7612090726840087,-1.209279480548173,-0.7039710372159768,1.277028796766424,0.23926044266302815,0.6069290140332811,0.7419235550758785,0.0,-1.7526465867554464,-0.9834622111334744,-0.36495971951334194,0
1.3073633623620116,0.0,1.3136995286643376,-1.209279480548173,1.42051298581081,1.277028796766424,-0.2903761560232865,-1.4304455168604722,-0.5434780189092641,0.0,-0.36880969797355123,0.7244324129604052,-0.020388811145994584,0
1.3073633623620116,0.0,-0.7612090726840087,1.000106813642543,1.42051298581081,-0.42904129535630864,-1.3313860224067324,0.2750839199861925,1.209342309252294,0.0,0.9061087944253448,1.2129606235135744,0.3241820972213497,0
1.3073633623620116,0.0,1.3136995286643376,-1.209279480548173,-0.7039710372159768,-1.282076341417675,-1.6692576457066228,-0.07219582959797,0.040795423811255276,0.0,-1.4006681900230173,-2.007417340452917,-1.0541015362480335,0
1.3073633623620116,0.0,1.3136995286643376,-1.209279480548173,-0.7039710372159768,-0.42904129535630864,-0.45474613492593585,0.2596492644491186,1.4430516863405016,0.0,0.21705662362342332,1.0683562731898366,0.668753005588694,0
1.3073633623620116,0.0,-0.7612090726840087,-0.104586333452815,-0.7039710372159768,-1.282076341417675,-0.02555785668012916,-0.041326518523822214,-0.8940420845415756,0.0,-1.970483379521445,0.8221380550710395,0.668753005588694,0
1.3073633623620116,0.0,-0.7612090726840087,-0.104586333452815,1.42051298581081,-1.282076341417675,-1.4774926703201985,-1.6619653499165805,-1.5951702158061989,0.0,-1.2848707370263552,1.142612561193918,0.668753005588694,0
1.3073633623620116,0.0,-0.7612090726840087,1.000106813642543,-0.7039710372159768,1.277028796766424,0.4492887490386357,0.15932400345813835,0.39135948944356685,0.0,-0.49607224532631866,-0.338604973203291,1.3578948223233855,0
1.3073633623620116,0.0,-0.7612090726840087,-1.209279480548173,-0.7039710372159768,1.277028796766424,-0.6556427758069517,-0.7976246398404427,1.209342309252294,0.0,-1.280284699283913,0.8338627321243152,-1.0541015362480335,0
0.1130692637718497,0.0,-0.7612090726840087,1.000106813642543,-0.7039710372159768,-0.42904129535630864,0.4858154110170022,-0.17252109058895027,0.274504800899463,0.0,0.24801237838490725,-1.1241583357727865,-1.0541015362480335,0
0.1130692637718497,0.0,-0.7612090726840087,1.000106813642543,-0.7039710372159768,1.277028796766424,2.403465164881245,-0.9519711952111817,-1.2446061501738872,0.0,0.42916086921136887,-0.7137946389081244,-0.36495971951334194,0
0.1130692637718497,0.0,1.3136995286643376,1.000106813642543,-0.7039710372159768,-1.282076341417675,0.8236870343168926,-0.7050167066179994,-0.19291395327695246,0.0,-0.22205649021540524,-1.300028491571928,-0.7095306278806862,0
0.1130692637718497,0.0,-0.7612090726840087,-0.104586333452815,-0.7039710372159768,-1.282076341417675,-0.6465111103123601,0.344539869903025,2.2610345061492287,0.0,0.5919652090680626,0.10693275482119968,-1.0541015362480335,0
0.1130692637718497,0.0,1.3136995286643376,-0.104586333452815,-0.7039710372159768,1.277028796766424,0.9971886787141335,0.6918196194871875,0.8587782436199823,0.0,-1.6150654544821843,1.3145744913086337,-2.0878142613500694,0
0.1130692637718497,0.0,1.3136995286643376,1.000106813642543,1.42051298581081,-1.282076341417675,-0.6008527828394019,0.8693181581635372,2.1441798176051248,0.0,-1.382324039053249,0.35705919862442254,-1.7432433529827236,0
0.1130692637718497,0.0,-0.7612090726840087,-1.209279480548173,-0.7039710372159768,1.277028796766424,-0.3542978144854279,-0.5198008401731128,1.209342309252294,0.0,-0.43989328298140346,0.8299545064398903,1.0133239139560413,0
0.1130692637718497,0.0,1.3136995286643376,-0.104586333452815,-0.7039710372159768,-1.282076341417675,-0.2903761560232865,0.02041210362447334,-0.07605926473284859,0.0,-1.701053662152973,-0.010314015711561021,-2.0878142613500694,0
0.1130692637718497,0.0,1.3136995286643376,1.000106813642543,1.42051298581081,-0.42904129535630864,-1.2218060364716328,-0.01817453521821138,2.027325129061021,0.0,-1.1851244161282402,1.1504290125627687,-2.432385169717414,0
0.1130692637718497,0.0,1.3136995286643376,1.000106813642543,-0.7039710372159768,1.277028796766424,1.5633519393788147,0.7458409138669462,0.7419235550758785,0.0,-0.25645177328372043,-0.8271331837564602,1.0133239139560413,0
0.1130692637718497,0.0,1.3136995286643376,-0.104586333452815,-0.7039710372159768,0.42399375070505774,-0.2812444905286948,1.1317073022937933,-0.5434780189092641,0.0,0.22508218967269697,-0.12756078624432174,0.668753005588694,0
0.1130692637718497,0.0,1.3136995286643376,-1.209279480548173,-0.7039710372159768,-1.282076341417675,-1.1578843780094914,0.6455156528759658,1.3261969977963979,0.0,0.9370645491868282,-0.7685097984900794,-0.36495971951334194,0
0.1130692637718497,0.0,1.3136995286643376,-0.104586333452815,1.42051298581081,1.277028796766424,1.9194868936678884,-1.9320718218153736,-0.07605926473284859,0.0,0.7696741715876926,1.8421849587060564,2.0470366390580774,0
0.1130692637718497,0.0,1.3136995286643376,1.000106813642543,1.42051298581081,-0.42904129535630864,-0.5277994588826689,-1.6388133666109697,0.5082141779876708,0.0,-0.10167299947630078,0.8807614403374194,0.668753005588694,0
0.1130692637718497,0.0,1.3136995286643376,-0.104586333452815,1.42051298581081,0.42399375070505774,2.056461876086763,-1.5230534500829156,-1.0108967730856795,0.0,0.7146417186783881,0.618910319480921,-0.7095306278806862,0
0.1130692637718497,0.0,1.3136995286643376,-1.209279480548173,1.42051298581081,1.277028796766424,-0.9021977441609258,-0.6741473955438517,-0.5434780189092641,0.0,-0.09479394286263741,-1.245313331989973,-1.0541015362480335,0
0.1130692637718497,0.0,-0.7612090726840087,1.000106813642543,-0.7039710372159768,-1.282076341417675,1.0793736681654582,1.3940964464240495,-0.30976864182105635,0.0,0.08291501965699254,1.0566315961365602,-0.020388811145994584,0
0.1130692637718497,0.0,-0.7612090726840087,-0.104586333452815,1.42051298581081,-0.42904129535630864,-0.6008527828394019,-0.06447850182943304,0.040795423811255276,0.0,0.19183341603999207,-0.7841427012277808,-1.0541015362480335,0
0.1130692637718497,0.0,1.3136995286643376,1.000106813642543,1.42051298581081,-0.42904129535630864,0.9241353547574005,2.134959912203596,0.5082141779876708,0.0,0.19871247265365502,1.3106662656242087,1.0133239139560413,0
0.1130692637718497,0.0,-0.7612090726840087,1.000106813642543,-0.7039710372159768,-0.42904129535630864,1.0976369991546415,-1.4844668112402308,1.209342309252294,0.0,0.7112021903715564,1.2481346546734031,0.3241820972213497,0
0.1130692637718497,0.0,1.3136995286643376,1.000106813642543,-0.7039710372159768,-1.282076341417675,1.8829602316895218,-1.2297949948785116,0.39135948944356685,0.0,-0.36766318853794094,0.7713311211735095,0.3241820972213497,0
0.1130692637718497,0.0,1.3136995286643376,1.000106813642543,1.42051298581081,0.42399375070505774,-1.5140193322985651,-0.21882505720017195,-0.07605926473284859,0.0,0.026736057312077337,-1.8549965387603278,-0.36495971951334194,0
0.1130692637718497,0.0,1.3136995286643376,-0.104586333452815,1.42051298581081,1.277028796766424,-1.5140193322985651,-1.1603390449616793,-0.6603327074533679,0.0,-0.43989328298140346,0.5837362883210924,1.0133239139560413,0
0.1130692637718497,0.0,1.3136995286643376,-0.104586333452815,1.42051298581081,-0.42904129535630864,-0.2081911665719618,-1.6542480221480436,0.274504800899463,0.0,0.47387473720017914,-1.7025757370677392,1.702465730690733,0
0.1130692637718497,0.0,1.3136995286643376,-0.104586333452815,1.42051298581081,-1.282076341417675,-0.49127279690430237,-0.025891862986748327,-0.7771873959974718,0.0,-0.33097488659840435,-1.026452693662153,-0.7095306278806862,0
0.1130692637718497,0.0,-0.7612090726840087,-1.209279480548173,1.42051298581081,-1.282076341417675,1.9468818901516631,2.2198505176575027,1.4430516863405016,0.0,-0.2094448864236892,0.9315683742349486,-0.020388811145994584,0
0.1130692637718497,0.0,1.3136995286643376,-0.104586333452815,1.42051298581081,-0.42904129535630864,-0.33603448349624465,-1.5847920722312112,1.910470440516917,0.0,0.7799927565081877,-0.1627348174041495,0.3241820972213497,0
0.1130692637718497,0.0,1.3136995286643376,-0.104586333452815,1.42051298581081,0.42399375070505774,0.09315379474956205,1.4481177408038082,1.3261969977963979,0.0,1.0253457757288384,-0.3972283584696709,1.0133239139560413,0
0.1130692637718497,0.0,-0.7612090726840087,-1.209279480548173,1.42051298581081,0.42399375070505774,-1.0300410610852087,1.8185494736935814,1.7936157519728133,0.0,-0.09020790512019544,-0.8427660864941616,-0.36495971951334194,0
0.1130692637718497,0.0,1.3136995286643376,-0.104586333452815,1.42051298581081,1.277028796766424,1.161558657616783,-0.6664300677753148,-1.478315527262095,0.0,0.4257213409045372,-0.3425131988877159,-0.36495971951334194,0
0.1130692637718497,0.0,1.3136995286643376,-0.104586333452815,1.42051298581081,0.42399375070505774,-1.6418626492228479,-1.453597500166083,1.3261969977963979,0.0,-0.48346064153460305,1.4709035186856478,-0.7095306278806862,0
0.1130692637718497,0.0,1.3136995286643376,-0.104586333452815,1.42051298581081,-0.42904129535630864,-0.7104327687745016,0.4988864252737639,0.5082141779876708,0.0,0.574767567533905,-0.6082725454286402,-2.0878142613500694,0
0.1130692637718497,0.0,1.3136995286643376,-0.104586333452815,1.42051298581081,-1.282076341417675,1.1798219886059662,1.0468166968398869,-1.478315527262095,0.0,-0.0982334711694691,0.9901917595013294,-0.7095306278806862,0
0.1130692637718497,0.0,1.3136995286643376,-1.209279480548173,-0.7039710372159768,0.42399375070505774,-0.26298115953951157,1.6796375738599165,-0.30976864182105635,0.0,0.9198669076526707,1.1269796584562166,-0.36495971951334194,0
0.1130692637718497,0.0,1.3136995286643376,1.000106813642543,1.42051298581081,1.277028796766424,-1.066567723063575,1.9343093902216355,1.09248762070819,0.0,0.47502124663578943,-0.7333357673302516,-2.432385169717414,0
0.1130692637718497,0.0,-0.7612090726840087,1.000106813642543,-0.7039710372159768,-1.282076341417675,-0.30863948701246974,-1.2220776671099747,-1.1277514616297835,0.0,-0.5511046982356236,0.6658090276940253,-1.7432433529827236,0
0.1130692637718497,0.0,-0.7612090726840087,1.000106813642543,1.42051298581081,-1.282076341417675,-1.367912684385099,0.012694775855936395,0.15765011235535914,0.0,-0.22320299965101553,-0.9912786625023252,-2.0878142613500694,0
0.1130692637718497,0.0,-0.7612090726840087,1.000106813642543,1.42051298581081,0.42399375070505774,0.7962920378331176,-0.24197704050578278,0.15765011235535914,0.0,1.0345178512137225,-0.28388981362133603,-0.020388811145994584,0
0.1130692637718497,0.0,1.3136995286643376,-1.209279480548173,-0.7039710372159768,0.42399375070505774,1.2254803160789243,-0.9596885229797186,0.7419235550758785,0.0,0.02558954787646664,-0.018130467080411734,0.3241820972213497,0
0.1130692637718497,0.0,-0.7612090726840087,-0.104586333452815,1.42051298581081,1.277028796766424,-2.0801825929632463,0.02041210362447334,1.5599063748846056,0.0,1.1445827570323324,-1.65958525453906,1.0133239139560413,0
0.1130692637718497,0.0,-0.7612090726840087,-1.209279480548173,-0.7039710372159768,0.42399375070505774,0.34884042859812775,0.2596492644491186,-1.478315527262095,0.0,0.01297794408475101,-0.47930109784260383,-0.36495971951334194,0
0.1130692637718497,0.0,-0.7612090726840087,-1.209279480548173,1.42051298581081,-1.282076341417675,0.714107048381793,-1.314685600332418,1.09248762070819,0.0,1.1170665305776797,0.20854662261625898,1.0133239139560413,0
0.1130692637718497,0.0,-0.7612090726840087,-1.209279480548173,1.42051298581081,-1.282076341417675,-0.9843827336122505,-0.7590380009977581,-1.478315527262095,0.0,0.12304284990336083,1.6819477056446173,0.668753005588694,0
0.1130692637718497,0.0,-0.7612090726840087,1.000106813642543,-0.7039710372159768,0.42399375070505774,-1.2857276949337744,-1.469032155703157,-0.5434780189092641,0.0,0.5541303976929157,-1.6322276747480828,-1.3986724446153778,0
0.1130692637718497,0.0,-0.7612090726840087,-0.104586333452815,-0.7039710372159768,-1.282076341417675,-2.007129269006513,-0.8516459342202014,0.8587782436199823,0.0,0.08864756683504521,-1.1788734953547415,-0.36495971951334194,0
0.1130692637718497,0.0,1.3136995286643376,-1.209279480548173,-0.7039710372159768,1.277028796766424,-0.9752510681176588,-0.38088894033944776,0.274504800899463,0.0,-0.019124320112343215,0.8143216037021889,1.0133239139560413,0
0.1130692637718497,0.0,1.3136995286643376,1.000106813642543,1.42051298581081,1.277028796766424,-0.399956141958386,-0.5738221345528713,1.09248762070819,0.0,0.7754067187657456,1.2794004601488058,0.668753005588694,0
0.1130692637718497,0.0,-0.7612090726840087,-0.104586333452815,-0.7039710372159768,1.277028796766424,-1.9706026070281466,-0.9442538674426447,-0.4266233303651602,0.0,1.1182130400132908,0.6071856424276445,-0.36495971951334194,0
0.1130692637718497,0.0,1.3136995286643376,-0.104586333452815,-0.7039710372159768,-1.282076341417675,1.0793736681654582,-0.22654238496870888,0.7419235550758785,0.0,-0.2518657355412785,-1.683034608645612,0.668753005588694,0
